url,product_category,main_category,business_name,gender,type,business_type,business_id
'https://www.pinterest.com/resource/VisualLiveSearchResource/get/?source_url=/pin/176625616624415356/visual-search/?x=16&y=16&w=530&h=671&data={"options":{"isPrefetch":false,"pin_id":"176625616624415356","image_signature":"28ccd0ef6d58840163eceae72ce8e6d1","crop":{"x":0.028368794326241134,"y":0.017708333333333333,"w":0.9397163120567376,"h":0.7426432291666666},"crop_source":5,"no_fetch_context_on_resource":false},"context":{}}&_=1606127728488',Clothing,Dress,Pinterest,Women,Group_production,Pinterest,Pinterest_3
'https://www.pinterest.com/resource/VisualLiveSearchResource/get/?source_url=/pin/75505731244184573/visual-search/?x=16&y=16&w=530&h=671&data={"options":{"isPrefetch":false,"pin_id":"75505731244184573","image_signature":"5d598e75a8003b6f00f647b2a1ec8498","crop":{"x":0.028368794326241134,"y":0.01891252955082742,"w":0.9397163120567376,"h":0.7931442080378249},"crop_source":5,"no_fetch_context_on_resource":false},"context":{}}&_=1606127808411',Clothing,Dress,Pinterest,Women,Group_production,Pinterest,Pinterest_3
'https://www.pinterest.com/resource/VisualLiveSearchResource/get/?source_url=/pin/28780885104674246/visual-search/?x=14&y=14&w=453&h=573&data={"options":{"isPrefetch":false,"pin_id":"28780885104674246","image_signature":"60406b1177ad05b9c42294990bd5e15e","crop":{"x":0.029045643153526972,"y":0.019363762102351315,"w":0.9398340248962656,"h":0.7925311203319502},"crop_source":5,"no_fetch_context_on_resource":false},"context":{}}&_=1606127942207',Clothing,Dress,Pinterest,Women,Group_production,Pinterest,Pinterest_3
'https://www.pinterest.com/resource/VisualLiveSearchResource/get/?source_url=/pin/326370304239036310/visual-search/?x=10&y=10&w=338&h=428&data={"options":{"isPrefetch":false,"pin_id":"326370304239036310","image_signature":"9f3bc3e5a24f328fd0db7ada3e203e5b","crop":{"x":0.027777777777777776,"y":0.01841620626151013,"w":0.9388888888888889,"h":0.7882136279926335},"crop_source":5,"no_fetch_context_on_resource":false},"context":{}}&_=1606128032554',Clothing,Dress,Pinterest,Women,Group_production,Pinterest,Pinterest_3
'https://www.pinterest.com/resource/VisualLiveSearchResource/get/?source_url=/pin/827888343988834485/visual-search/?x=9&y=8&w=282&h=356&data={"options":{"isPrefetch":false,"pin_id":"827888343988834485","image_signature":"60940c2dbf94e53017c6b2d0ff5dee95","crop":{"x":0.03,"y":0.01384083044982699,"w":0.94,"h":0.615916955017301},"crop_source":5,"no_fetch_context_on_resource":false},"context":{}}&_=1606128140690',Clothing,Dress,Pinterest,Women,Group_production,Pinterest,Pinterest_3
'https://www.pinterest.com/resource/VisualLiveSearchResource/get/?source_url=/pin/716213146974956864/visual-search/?x=8&y=8&w=261&h=330&data={"options":{"isPrefetch":false,"pin_id":"716213146974956864","image_signature":"f0052010a7db067108aeeb3ef4f668b0","crop":{"x":0.02877697841726619,"y":0.014184397163120567,"w":0.9388489208633094,"h":0.5851063829787234},"crop_source":5,"no_fetch_context_on_resource":false},"context":{}}&_=1606128698340',Clothing,Dress,Pinterest,Women,Group_production,Pinterest,Pinterest_3
'https://www.pinterest.com/resource/VisualLiveSearchResource/get/?source_url=/pin/680606562433544076/visual-search/?x=16&y=16&w=530&h=671&data={"options":{"isPrefetch":false,"pin_id":"680606562433544076","image_signature":"940a9aba10bfb0650afbff1d436c9bdd","crop":{"x":0.028368794326241134,"y":0.018912529550827423,"w":0.9397163120567376,"h":0.793144208037825},"crop_source":5,"no_fetch_context_on_resource":false},"context":{}}&_=1606128801791',Clothing,Dress,Pinterest,Women,Group_production,Pinterest,Pinterest_3
'https://www.pinterest.com/resource/VisualLiveSearchResource/get/?source_url=/pin/814588651343000290/visual-search/?x=16&y=16&w=530&h=671&data={"options":{"isPrefetch":false,"pin_id":"814588651343000290","image_signature":"c49c3a170e417080c646553fe486c20e","crop":{"x":0.028368794326241134,"y":0.018912529550827423,"w":0.9397163120567376,"h":0.793144208037825},"crop_source":5,"no_fetch_context_on_resource":false},"context":{}}&_=1606128986123',Clothing,Dress,Pinterest,Women,Group_production,Pinterest,Pinterest_3
'https://www.pinterest.com/resource/VisualLiveSearchResource/get/?source_url=/pin/628322585489944031/visual-search/?x=0&y=78&w=493&h=667&data={"options":{"isPrefetch":false,"pin_id":"628322585489944031","image_signature":"59cfc297105431e04af9431e5e754cee","crop":{"x":0,"y":0.10372340425531915,"w":0.874113475177305,"h":0.886968085106383},"crop_source":5,"no_fetch_context_on_resource":false},"context":{}}&_=1606129064159',Clothing,Dress,Pinterest,Women,Group_production,Pinterest,Pinterest_3
'https://www.pinterest.com/resource/VisualLiveSearchResource/get/?source_url=/pin/462463455491896429/visual-search/?x=7&y=7&w=221&h=280&data={"options":{"isPrefetch":false,"pin_id":"462463455491896429","image_signature":"a2945ec87fe701b1233d4c29a4ecf076","crop":{"x":0.029661016949152543,"y":0.01977401129943503,"w":0.9364406779661016,"h":0.7909604519774012},"crop_source":5,"no_fetch_context_on_resource":false},"context":{}}&_=1606129143789',Clothing,Dress,Pinterest,Women,Group_production,Pinterest,Pinterest_3
'https://www.pinterest.com/resource/VisualLiveSearchResource/get/?source_url=/pin/361554676340454107/visual-search/?x=16&y=21&w=530&h=662&data={"options":{"isPrefetch":false,"pin_id":"361554676340454107","image_signature":"1dc18c35388ac17e65ae53f120a51b44","crop":{"x":0.028368794326241134,"y":0.029787234042553193,"w":0.9397163120567376,"h":0.9390070921985816},"crop_source":5,"no_fetch_context_on_resource":false},"context":{}}&_=1606129219716',Clothing,Dress,Pinterest,Women,Group_production,Pinterest,Pinterest_3
'https://www.pinterest.com/resource/VisualLiveSearchResource/get/?source_url=/pin/176625616624423444/visual-search/?x=16&y=16&w=530&h=671&data={"options":{"isPrefetch":false,"pin_id":"176625616624423444","image_signature":"97333de2bfcfd7fee9283151fa8293a9","crop":{"x":0.028368794326241134,"y":0.017708333333333333,"w":0.9397163120567376,"h":0.7426432291666666},"crop_source":5,"no_fetch_context_on_resource":false},"context":{}}&_=1606129279847',Clothing,Dress,Pinterest,Women,Group_production,Pinterest,Pinterest_3
'https://www.pinterest.com/resource/VisualLiveSearchResource/get/?source_url=/pin/270567890099479884/visual-search/?x=10&y=10&w=327&h=414&data={"options":{"isPrefetch":false,"pin_id":"270567890099479884","image_signature":"f44b50018c5692f74495257b65418e6b","crop":{"x":0.028735632183908046,"y":0.017953321364452424,"w":0.9396551724137931,"h":0.7432675044883303},"crop_source":5,"no_fetch_context_on_resource":false},"context":{}}&_=1606129363817',Clothing,Dress,Pinterest,Women,Group_production,Pinterest,Pinterest_3
'https://www.pinterest.com/resource/VisualLiveSearchResource/get/?source_url=/pin/526147168966175253/visual-search/?x=9&y=9&w=300&h=380&data={"options":{"isPrefetch":false,"pin_id":"526147168966175253","image_signature":"62f31f0eac7f8b435457fab4a85bed04","crop":{"x":0.028125,"y":0.017578125,"w":0.9375,"h":0.7421875},"crop_source":5,"no_fetch_context_on_resource":false},"context":{}}&_=1606129413606',Clothing,Dress,Pinterest,Women,Group_production,Pinterest,Pinterest_3
'https://www.pinterest.com/resource/VisualLiveSearchResource/get/?source_url=/pin/852235929468598083/visual-search/?x=10&y=10&w=333&h=422&data={"options":{"isPrefetch":false,"pin_id":"852235929468598083","image_signature":"524d4d996fe7664c3dcea2511185c5bd","crop":{"x":0.028169014084507043,"y":0.02109704641350211,"w":0.9380281690140845,"h":0.890295358649789},"crop_source":5,"no_fetch_context_on_resource":false},"context":{}}&_=1606129479005',Clothing,Dress,Pinterest,Women,Group_production,Pinterest,Pinterest_3
'https://www.pinterest.com/resource/VisualLiveSearchResource/get/?source_url=/pin/743586588463933054/visual-search/?x=58&y=3&w=166&h=307&data={"options":{"isPrefetch":false,"pin_id":"743586588463933054","image_signature":"3597edb30890a8f0229ff962eb727637","crop":{"x":0.232,"y":0.009009009009009009,"w":0.664,"h":0.9219219219219219},"crop_source":5,"no_fetch_context_on_resource":false},"context":{}}&_=1606129580205',Clothing,Dress,Pinterest,Women,Group_production,Pinterest,Pinterest_3
'https://www.pinterest.com/resource/VisualLiveSearchResource/get/?source_url=/pin/517984394641019301/visual-search/?x=16&y=16&w=530&h=671&data={"options":{"isPrefetch":false,"pin_id":"517984394641019301","image_signature":"492ef80a4730c76e4f9a4c71b2bc0943","crop":{"x":0.028368794326241134,"y":0.02127659574468085,"w":0.9397163120567376,"h":0.8922872340425532},"crop_source":5,"no_fetch_context_on_resource":false},"context":{}}&_=1606129643185',Clothing,Dress,Pinterest,Women,Group_production,Pinterest,Pinterest_3
'https://www.pinterest.com/resource/VisualLiveSearchResource/get/?source_url=/pin/483644447476200888/visual-search/?x=16&y=21&w=530&h=662&data={"options":{"isPrefetch":false,"pin_id":"483644447476200888","image_signature":"d9f7791240644a969e18dfd535469b34","crop":{"x":0.028368794326241134,"y":0.029787234042553193,"w":0.9397163120567376,"h":0.9390070921985816},"crop_source":5,"no_fetch_context_on_resource":false},"context":{}}&_=1606129699353',Clothing,Dress,Pinterest,Women,Group_production,Pinterest,Pinterest_3
'https://www.pinterest.com/resource/VisualLiveSearchResource/get/?source_url=/pin/617204323911624727/visual-search/?x=16&y=16&w=530&h=671&data={"options":{"isPrefetch":false,"pin_id":"617204323911624727","image_signature":"fbb4e466de9f36f8d9a5569215c71c11","crop":{"x":0.028368794326241134,"y":0.018912529550827426,"w":0.9397163120567376,"h":0.7931442080378251},"crop_source":5,"no_fetch_context_on_resource":false},"context":{}}&_=1606129776134',Clothing,Dress,Pinterest,Women,Group_production,Pinterest,Pinterest_3
'https://www.pinterest.com/resource/VisualLiveSearchResource/get/?source_url=/pin/120541727511826343/visual-search/?x=16&y=16&w=530&h=671&data={"options":{"isPrefetch":false,"pin_id":"120541727511826343","image_signature":"bcbbcc04ade0fc701e8e69a01a6a089e","crop":{"x":0.028368794326241134,"y":0.017709442429273515,"w":0.9397163120567376,"h":0.7426897418776581},"crop_source":5,"no_fetch_context_on_resource":false},"context":{}}&_=1606129865288',Clothing,Dress,Pinterest,Women,Group_production,Pinterest,Pinterest_3
'https://www.pinterest.com/resource/VisualLiveSearchResource/get/?source_url=/pin/500884789804341163/visual-search/?x=16&y=16&w=530&h=671&data={"options":{"isPrefetch":false,"pin_id":"500884789804341163","image_signature":"45e818099c39074b45654b7b6438daba","crop":{"x":0.028368794326241134,"y":0.02127659574468085,"w":0.9397163120567376,"h":0.8922872340425532},"crop_source":5,"no_fetch_context_on_resource":false},"context":{}}&_=1606129917677',Clothing,Dress,Pinterest,Women,Group_production,Pinterest,Pinterest_3
'https://www.pinterest.com/resource/VisualLiveSearchResource/get/?source_url=/pin/594545588289124805/visual-search/?x=16&y=16&w=501&h=635&data={"options":{"isPrefetch":false,"pin_id":"594545588289124805","image_signature":"073b5818744b843b122eb71186aaf3e4","crop":{"x":0.0299625468164794,"y":0.015625,"w":0.9382022471910112,"h":0.6201171875},"crop_source":5,"no_fetch_context_on_resource":false},"context":{}}&_=1606130013553',Clothing,Dress,Pinterest,Women,Group_production,Pinterest,Pinterest_3
'https://www.pinterest.com/resource/VisualLiveSearchResource/get/?source_url=/pin/359584351492849222/visual-search/?x=16&y=16&w=530&h=671&data={"options":{"isPrefetch":false,"pin_id":"359584351492849222","image_signature":"dff1e9497c3d45247e9457406b167efe","crop":{"x":0.028368794326241134,"y":0.01595744680851064,"w":0.9397163120567376,"h":0.6692154255319149},"crop_source":5,"no_fetch_context_on_resource":false},"context":{}}&_=1606130135046',Clothing,Dress,Pinterest,Women,Group_production,Pinterest,Pinterest_3
'https://www.pinterest.com/resource/VisualLiveSearchResource/get/?source_url=/pin/853572935611166061/visual-search/?x=16&y=16&w=530&h=671&data={"options":{"isPrefetch":false,"pin_id":"853572935611166061","image_signature":"4f10f92c4cc9cb1a57ab5d2857100620","crop":{"x":0.028368794326241134,"y":0.017404451523178044,"w":0.9397163120567376,"h":0.7298991857532793},"crop_source":5,"no_fetch_context_on_resource":false},"context":{}}&_=1606130263797',Clothing,Dress,Pinterest,Women,Group_production,Pinterest,Pinterest_3
'https://www.pinterest.com/resource/VisualLiveSearchResource/get/?source_url=/pin/412501647124515761/visual-search/?x=16&y=16&w=530&h=671&data={"options":{"isPrefetch":false,"pin_id":"412501647124515761","image_signature":"f3c6090bdcfe69c9fa3df7f10aaec35a","crop":{"x":0.028368794326241134,"y":0.017404451523178044,"w":0.9397163120567376,"h":0.7298991857532793},"crop_source":5,"no_fetch_context_on_resource":false},"context":{}}&_=1606130321323',Clothing,Dress,Pinterest,Women,Group_production,Pinterest,Pinterest_3
'https://www.pinterest.com/resource/VisualLiveSearchResource/get/?source_url=/pin/427419820886291486/visual-search/?x=12&y=11&w=376&h=475&data={"options":{"isPrefetch":false,"pin_id":"427419820886291486","image_signature":"a68a5eb13ae3f556c8f26f24009aa2ac","crop":{"x":0.03,"y":0.018333333333333333,"w":0.94,"h":0.7916666666666666},"crop_source":5,"no_fetch_context_on_resource":false},"context":{}}&_=1606130368266',Clothing,Dress,Pinterest,Women,Group_production,Pinterest,Pinterest_3
'https://www.pinterest.com/resource/VisualLiveSearchResource/get/?source_url=/pin/740068151254185357/visual-search/?x=16&y=16&w=530&h=671&data={"options":{"isPrefetch":false,"pin_id":"740068151254185357","image_signature":"d90abda3e93bf80cebfa0789375a7891","crop":{"x":0.028368794326241134,"y":0.018907801418439715,"w":0.9397163120567376,"h":0.7929459219858156},"crop_source":5,"no_fetch_context_on_resource":false},"context":{}}&_=1606130412612',Clothing,Dress,Pinterest,Women,Group_production,Pinterest,Pinterest_3
'https://www.pinterest.com/resource/VisualLiveSearchResource/get/?source_url=/pin/502362533437773465/visual-search/?x=16&y=16&w=530&h=671&data={"options":{"isPrefetch":false,"pin_id":"502362533437773465","image_signature":"3c8594be63cd21006354db8892b7747d","crop":{"x":0.028368794326241134,"y":0.021308116627265564,"w":0.9397163120567376,"h":0.8936091410559496},"crop_source":5,"no_fetch_context_on_resource":false},"context":{}}&_=1606130482506',Clothing,Dress,Pinterest,Women,Group_production,Pinterest,Pinterest_3
'https://www.pinterest.com/resource/VisualLiveSearchResource/get/?source_url=/pin/541206080216117531/visual-search/?x=16&y=16&w=530&h=671&data={"options":{"isPrefetch":false,"pin_id":"541206080216117531","image_signature":"1a54c882179d5474a2b748e3545bf1b5","crop":{"x":0.028368794326241134,"y":0.02127659574468085,"w":0.9397163120567376,"h":0.8922872340425532},"crop_source":5,"no_fetch_context_on_resource":false},"context":{}}&_=1606130538541',Clothing,Dress,Pinterest,Women,Group_production,Pinterest,Pinterest_3
'https://www.pinterest.com/resource/VisualLiveSearchResource/get/?source_url=/pin/206532332881949310/visual-search/?x=10&y=10&w=340&h=430&data={"options":{"isPrefetch":false,"pin_id":"206532332881949310","image_signature":"3739cf36bcdca13560a1f8afce6c840c","crop":{"x":0.027624309392265192,"y":0.01579778830963665,"w":0.9392265193370166,"h":0.6793048973143759},"crop_source":5,"no_fetch_context_on_resource":false},"context":{}}&_=1606131070105',Clothing,Dress,Pinterest,Women,Group_production,Pinterest,Pinterest_3
'https://www.pinterest.com/resource/VisualLiveSearchResource/get/?source_url=/pin/274508539757820814/visual-search/?x=10&y=10&w=338&h=428&data={"options":{"isPrefetch":false,"pin_id":"274508539757820814","image_signature":"1e84aabbb69041e46b63667f4762d216","crop":{"x":0.027777777777777776,"y":0.018518518518518517,"w":0.9388888888888889,"h":0.7925925925925926},"crop_source":5,"no_fetch_context_on_resource":false},"context":{}}&_=1606131161372',Clothing,Dress,Pinterest,Women,Group_production,Pinterest,Pinterest_3
'https://www.pinterest.com/resource/VisualLiveSearchResource/get/?source_url=/pin/283656476502182044/visual-search/?x=14&y=14&w=458&h=580&data={"options":{"isPrefetch":false,"pin_id":"283656476502182044","image_signature":"0ca45697710bc933a836736a13075ca9","crop":{"x":0.028688524590163935,"y":0.01912568306010929,"w":0.9385245901639344,"h":0.7923497267759563},"crop_source":5,"no_fetch_context_on_resource":false},"context":{}}&_=1606131240345',Clothing,Dress,Pinterest,Women,Group_production,Pinterest,Pinterest_3
'https://www.pinterest.com/resource/VisualLiveSearchResource/get/?source_url=/pin/206813807862599454/visual-search/?x=16&y=16&w=530&h=671&data={"options":{"isPrefetch":false,"pin_id":"206813807862599454","image_signature":"84eb347e322b75e73315aeefca6bbedd","crop":{"x":0.028368794326241134,"y":0.021502461941545828,"w":0.9397163120567376,"h":0.9017594976735782},"crop_source":5,"no_fetch_context_on_resource":false},"context":{}}&_=1606131300566',Clothing,Dress,Pinterest,Women,Group_production,Pinterest,Pinterest_3
'https://www.pinterest.com/resource/VisualLiveSearchResource/get/?source_url=/pin/719872321665294977/visual-search/?x=11&y=11&w=353&h=447&data={"options":{"isPrefetch":false,"pin_id":"719872321665294977","image_signature":"1c9feee674fe8a83418e088bfc539bb5","crop":{"x":0.02925531914893617,"y":0.01950354609929078,"w":0.9388297872340425,"h":0.7925531914893617},"crop_source":5,"no_fetch_context_on_resource":false},"context":{}}&_=1606131351586',Clothing,Dress,Pinterest,Women,Group_production,Pinterest,Pinterest_3
'https://www.pinterest.com/resource/VisualLiveSearchResource/get/?source_url=/pin/373798837820809604/visual-search/?x=47&y=31&w=338&h=445&data={"options":{"isPrefetch":false,"pin_id":"373798837820809604","image_signature":"c3a69a63b93fd2dd4921f094e4410a17","crop":{"x":0.10444444444444445,"y":0.051666666666666666,"w":0.7511111111111111,"h":0.7416666666666667},"crop_source":5,"no_fetch_context_on_resource":false},"context":{}}&_=1606131748630',Clothing,Dress,Pinterest,Women,Group_production,Pinterest,Pinterest_3
'https://www.pinterest.com/resource/VisualLiveSearchResource/get/?source_url=/pin/366199013458037778/visual-search/?x=11&y=11&w=366&h=464&data={"options":{"isPrefetch":false,"pin_id":"366199013458037778","image_signature":"db0332be4818dc51b1ceb374dc5c4ea8","crop":{"x":0.028205128205128206,"y":0.018803418803418803,"w":0.9384615384615385,"h":0.7931623931623931},"crop_source":5,"no_fetch_context_on_resource":false},"context":{}}&_=1606131852992',Clothing,Dress,Pinterest,Women,Group_production,Pinterest,Pinterest_3
'https://www.pinterest.com/resource/VisualLiveSearchResource/get/?source_url=/pin/862439397384032443/visual-search/?x=11&y=11&w=366&h=464&data={"options":{"isPrefetch":false,"pin_id":"862439397384032443","image_signature":"46f8739e6cc25742fd2a3c44ce66d1af","crop":{"x":0.028205128205128206,"y":0.018803418803418803,"w":0.9384615384615385,"h":0.7931623931623931},"crop_source":5,"no_fetch_context_on_resource":false},"context":{}}&_=1606131908945',Clothing,Dress,Pinterest,Women,Group_production,Pinterest,Pinterest_3
'https://www.pinterest.com/resource/VisualLiveSearchResource/get/?source_url=/pin/120189883792295286/visual-search/?x=16&y=16&w=530&h=671&data={"options":{"isPrefetch":false,"pin_id":"120189883792295286","image_signature":"b2f732778888299f67a86ba6a6b0ca98","crop":{"x":0.028368794326241134,"y":0.018912529550827423,"w":0.9397163120567376,"h":0.793144208037825},"crop_source":5,"no_fetch_context_on_resource":false},"context":{}}&_=1606131948754',Clothing,Dress,Pinterest,Women,Group_production,Pinterest,Pinterest_3
'https://www.pinterest.com/resource/VisualLiveSearchResource/get/?source_url=/pin/516436282269450277/visual-search/?x=16&y=16&w=530&h=671&data={"options":{"isPrefetch":false,"pin_id":"516436282269450277","image_signature":"5d9af31264f174362312f55f100d8a90","crop":{"x":0.028368794326241134,"y":0.018404394746381864,"w":0.9397163120567376,"h":0.7718343046763894},"crop_source":5,"no_fetch_context_on_resource":false},"context":{}}&_=1606132049473',Clothing,Dress,Pinterest,Women,Group_production,Pinterest,Pinterest_3
'https://www.pinterest.com/resource/VisualLiveSearchResource/get/?source_url=/pin/821344050763540409/visual-search/?x=16&y=16&w=530&h=671&data={"options":{"isPrefetch":false,"pin_id":"821344050763540409","image_signature":"2374c3b29ab961aecfec5e4b15e328fd","crop":{"x":0.028368794326241134,"y":0.018025138134952823,"w":0.9397163120567376,"h":0.755929230534584},"crop_source":5,"no_fetch_context_on_resource":false},"context":{}}&_=1606132107721',Clothing,Dress,Pinterest,Women,Group_production,Pinterest,Pinterest_3
'https://www.pinterest.com/resource/VisualLiveSearchResource/get/?source_url=/pin/31666003609119390/visual-search/?x=16&y=16&w=530&h=671&data={"options":{"isPrefetch":false,"pin_id":"31666003609119390","image_signature":"eceecbaf081b170917c6dafce87ea48b","crop":{"x":0.028368794326241134,"y":0.018912529550827423,"w":0.9397163120567376,"h":0.793144208037825},"crop_source":5,"no_fetch_context_on_resource":false},"context":{}}&_=1606132175981',Clothing,Dress,Pinterest,Women,Group_production,Pinterest,Pinterest_3
'https://www.pinterest.com/resource/VisualLiveSearchResource/get/?source_url=/pin/800163058776640579/visual-search/?x=11&y=11&w=357&h=452&data={"options":{"isPrefetch":false,"pin_id":"800163058776640579","image_signature":"18da578f096bb3bf456a547c6bde789e","crop":{"x":0.02894736842105263,"y":0.020754716981132074,"w":0.9394736842105263,"h":0.8528301886792453},"crop_source":5,"no_fetch_context_on_resource":false},"context":{}}&_=1606132255523',Clothing,Dress,Pinterest,Women,Group_production,Pinterest,Pinterest_3
'https://www.pinterest.com/resource/VisualLiveSearchResource/get/?source_url=/pin/188658671868158912/visual-search/?x=16&y=16&w=530&h=671&data={"options":{"isPrefetch":false,"pin_id":"188658671868158912","image_signature":"755143aea21720bcaf21131892bd9392","crop":{"x":0.028368794326241134,"y":0.018912529550827423,"w":0.9397163120567376,"h":0.793144208037825},"crop_source":5,"no_fetch_context_on_resource":false},"context":{}}&_=1606132310165',Clothing,Dress,Pinterest,Women,Group_production,Pinterest,Pinterest_3
'https://www.pinterest.com/resource/VisualLiveSearchResource/get/?source_url=/pin/699817229585889573/visual-search/?x=16&y=16&w=530&h=671&data={"options":{"isPrefetch":false,"pin_id":"699817229585889573","image_signature":"8b7202e38728e5fad9ad272665a8616c","crop":{"x":0.028368794326241134,"y":0.020512820512820513,"w":0.9397163120567376,"h":0.8602564102564103},"crop_source":5,"no_fetch_context_on_resource":false},"context":{}}&_=1606132371507',Clothing,Dress,Pinterest,Women,Group_production,Pinterest,Pinterest_3
'https://www.pinterest.com/resource/VisualLiveSearchResource/get/?source_url=/pin/343610646542277276/visual-search/?x=11&y=11&w=372&h=471&data={"options":{"isPrefetch":false,"pin_id":"343610646542277276","image_signature":"cc17f70c647225c7cb7a5752b78838f7","crop":{"x":0.027777777777777776,"y":0.018518518518518517,"w":0.9393939393939394,"h":0.7929292929292929},"crop_source":5,"no_fetch_context_on_resource":false},"context":{}}&_=1606132427785',Clothing,Dress,Pinterest,Women,Group_production,Pinterest,Pinterest_3
'https://www.pinterest.com/resource/VisualLiveSearchResource/get/?source_url=/pin/332351647480328069/visual-search/?x=16&y=16&w=530&h=671&data={"options":{"isPrefetch":false,"pin_id":"332351647480328069","image_signature":"d23fb7d9a91bc616e71fc45e8a0db2e7","crop":{"x":0.028368794326241134,"y":0.01892176418439716,"w":0.9397163120567376,"h":0.793531485483156},"crop_source":5,"no_fetch_context_on_resource":false},"context":{}}&_=1606132485775',Clothing,Dress,Pinterest,Women,Group_production,Pinterest,Pinterest_3
'https://www.pinterest.com/resource/VisualLiveSearchResource/get/?source_url=/pin/587156870142367716/visual-search/?x=16&y=16&w=530&h=671&data={"options":{"isPrefetch":false,"pin_id":"587156870142367716","image_signature":"650554133cb425a79462c682b16fc267","crop":{"x":0.028368794326241134,"y":0.01893491124260355,"w":0.9397163120567376,"h":0.7940828402366864},"crop_source":5,"no_fetch_context_on_resource":false},"context":{}}&_=1606132539489',Clothing,Dress,Pinterest,Women,Group_production,Pinterest,Pinterest_3
'https://www.pinterest.com/resource/VisualLiveSearchResource/get/?source_url=/pin/231302130840470616/visual-search/?x=16&y=16&w=530&h=671&data={"options":{"isPrefetch":false,"pin_id":"231302130840470616","image_signature":"d18d494c81bf4095b20da0d557704732","crop":{"x":0.028368794326241134,"y":0.01892176418439716,"w":0.9397163120567376,"h":0.793531485483156},"crop_source":5,"no_fetch_context_on_resource":false},"context":{}}&_=1606132587157',Clothing,Dress,Pinterest,Women,Group_production,Pinterest,Pinterest_3
'https://www.pinterest.com/resource/VisualLiveSearchResource/get/?source_url=/pin/483151866257793051/visual-search/?x=10&y=10&w=327&h=414&data={"options":{"isPrefetch":false,"pin_id":"483151866257793051","image_signature":"c5e938adc8c9933879b35aebc3d6de36","crop":{"x":0.028735632183908046,"y":0.017953321364452424,"w":0.9396551724137931,"h":0.7432675044883303},"crop_source":5,"no_fetch_context_on_resource":false},"context":{}}&_=1606132632037',Clothing,Dress,Pinterest,Women,Group_production,Pinterest,Pinterest_3
'https://www.pinterest.com/resource/VisualLiveSearchResource/get/?source_url=/pin/468867011191937295/visual-search/?x=12&y=12&w=380&h=481&data={"options":{"isPrefetch":false,"pin_id":"468867011191937295","image_signature":"bd6368ca6a64e9980c49cc8d4c33141d","crop":{"x":0.02962962962962963,"y":0.023715415019762844,"w":0.9382716049382716,"h":0.950592885375494},"crop_source":5,"no_fetch_context_on_resource":false},"context":{}}&_=1606132683489',Clothing,Dress,Pinterest,Women,Group_production,Pinterest,Pinterest_3
'https://www.pinterest.com/resource/VisualLiveSearchResource/get/?source_url=/pin/643944446695971420/visual-search/?x=12&y=12&w=380&h=481&data={"options":{"isPrefetch":false,"pin_id":"643944446695971420","image_signature":"2359cee786d4709519723383872863b2","crop":{"x":0.02962962962962963,"y":0.022263450834879406,"w":0.9382716049382716,"h":0.8923933209647495},"crop_source":5,"no_fetch_context_on_resource":false},"context":{}}&_=1606132751738',Clothing,Dress,Pinterest,Women,Group_production,Pinterest,Pinterest_3
'https://www.pinterest.com/resource/VisualLiveSearchResource/get/?source_url=/pin/368943394474480939/visual-search/?x=16&y=16&w=530&h=671&data={"options":{"isPrefetch":false,"pin_id":"368943394474480939","image_signature":"a84d43a86fc758162bc84b1eb2a61619","crop":{"x":0.028368794326241134,"y":0.02129789363831917,"w":0.9397163120567376,"h":0.8931804144570101},"crop_source":5,"no_fetch_context_on_resource":false},"context":{}}&_=1606132797814',Clothing,Dress,Pinterest,Women,Group_production,Pinterest,Pinterest_3
'https://www.pinterest.com/resource/VisualLiveSearchResource/get/?source_url=/pin/669488300846503675/visual-search/?x=16&y=16&w=530&h=671&data={"options":{"isPrefetch":false,"pin_id":"669488300846503675","image_signature":"afc33ed05b4df96d90894c4b74b1db7d","crop":{"x":0.028368794326241134,"y":0.02127659574468085,"w":0.9397163120567376,"h":0.8922872340425532},"crop_source":5,"no_fetch_context_on_resource":false},"context":{}}&_=1606132864358',Clothing,Dress,Pinterest,Women,Group_production,Pinterest,Pinterest_3
'https://www.pinterest.com/resource/VisualLiveSearchResource/get/?source_url=/pin/444519425699576290/visual-search/?x=16&y=16&w=530&h=671&data={"options":{"isPrefetch":false,"pin_id":"444519425699576290","image_signature":"44206c90d102d4011c21222b251de1fe","crop":{"x":0.028368794326241134,"y":0.02026342451874367,"w":0.9397163120567376,"h":0.8497973657548127},"crop_source":5,"no_fetch_context_on_resource":false},"context":{}}&_=1606132921774',Clothing,Dress,Pinterest,Women,Group_production,Pinterest,Pinterest_3
'https://www.pinterest.com/resource/VisualLiveSearchResource/get/?source_url=/pin/268738302734205269/visual-search/?x=11&y=11&w=352&h=446&data={"options":{"isPrefetch":false,"pin_id":"268738302734205269","image_signature":"c0621abd2c4eb03681003c50e0c8c83b","crop":{"x":0.029333333333333333,"y":0.016417910447761194,"w":0.9386666666666666,"h":0.6656716417910448},"crop_source":5,"no_fetch_context_on_resource":false},"context":{}}&_=1606132962336',Clothing,Dress,Pinterest,Women,Group_production,Pinterest,Pinterest_3
'https://www.pinterest.com/resource/VisualLiveSearchResource/get/?source_url=/pin/354658539404849916/visual-search/?x=15&y=15&w=470&h=595&data={"options":{"isPrefetch":false,"pin_id":"354658539404849916","image_signature":"d805fd0d58d7d569c30d0531faf2365f","crop":{"x":0.03,"y":0.01824817518248175,"w":0.94,"h":0.7238442822384428},"crop_source":5,"no_fetch_context_on_resource":false},"context":{}}&_=1606133009842',Clothing,Dress,Pinterest,Women,Group_production,Pinterest,Pinterest_3
'https://www.pinterest.com/resource/VisualLiveSearchResource/get/?source_url=/pin/336503403410482305/visual-search/?x=10&y=10&w=327&h=414&data={"options":{"isPrefetch":false,"pin_id":"336503403410482305","image_signature":"d4fe9fec9d3729250a83b17464c098d6","crop":{"x":0.028735632183908046,"y":0.017953321364452424,"w":0.9396551724137931,"h":0.7432675044883303},"crop_source":5,"no_fetch_context_on_resource":false},"context":{}}&_=1606133055186',Clothing,Dress,Pinterest,Women,Group_production,Pinterest,Pinterest_3
'https://www.pinterest.com/resource/VisualLiveSearchResource/get/?source_url=/pin/84724036719755834/visual-search/?x=33&y=15&w=287&h=540&data={"options":{"isPrefetch":false,"pin_id":"84724036719755834","image_signature":"fbeb6f6a2ccf0e887b1b6957f78b5973","crop":{"x":0.09482758620689655,"y":0.026929982046678635,"w":0.8247126436781609,"h":0.9694793536804309},"crop_source":5,"no_fetch_context_on_resource":false},"context":{}}&_=1606133100555',Clothing,Dress,Pinterest,Women,Group_production,Pinterest,Pinterest_3
'https://www.pinterest.com/resource/VisualLiveSearchResource/get/?source_url=/pin/305681893444800198/visual-search/?x=16&y=16&w=530&h=671&data={"options":{"isPrefetch":false,"pin_id":"305681893444800198","image_signature":"22b4abc4e2043132108d54b4771b7b84","crop":{"x":0.028368794326241134,"y":0.018912529550827423,"w":0.9397163120567376,"h":0.793144208037825},"crop_source":5,"no_fetch_context_on_resource":false},"context":{}}&_=1606133141956',Clothing,Dress,Pinterest,Women,Group_production,Pinterest,Pinterest_3
'https://www.pinterest.com/resource/VisualLiveSearchResource/get/?source_url=/pin/862298659884232776/visual-search/?x=70&y=58&w=405&h=787&data={"options":{"isPrefetch":false,"pin_id":"862298659884232776","image_signature":"a2e4945eebcbd588d8434897bbe482b2","crop":{"x":0.12411347517730496,"y":0.06855791962174941,"w":0.7180851063829787,"h":0.9302600472813238},"crop_source":5,"no_fetch_context_on_resource":false},"context":{}}&_=1606133190639',Clothing,Dress,Pinterest,Women,Group_production,Pinterest,Pinterest_3
'https://www.pinterest.com/resource/VisualLiveSearchResource/get/?source_url=/pin/815644182487628719/visual-search/?x=16&y=16&w=530&h=671&data={"options":{"isPrefetch":false,"pin_id":"815644182487628719","image_signature":"b05a20392f5994d3dd4db9e958e7758a","crop":{"x":0.028368794326241134,"y":0.019503546099290784,"w":0.9397163120567376,"h":0.8179299645390072},"crop_source":5,"no_fetch_context_on_resource":false},"context":{}}&_=1606133255518',Clothing,Dress,Pinterest,Women,Group_production,Pinterest,Pinterest_3
'https://www.pinterest.com/resource/VisualLiveSearchResource/get/?source_url=/pin/384002305712499694/visual-search/?x=15&y=14&w=470&h=594&data={"options":{"isPrefetch":false,"pin_id":"384002305712499694","image_signature":"06227b1d2e89903dac1df3b2fcf0244c","crop":{"x":0.03,"y":0.018666666666666668,"w":0.94,"h":0.792},"crop_source":5,"no_fetch_context_on_resource":false},"context":{}}&_=1606133337677',Clothing,Dress,Pinterest,Women,Group_production,Pinterest,Pinterest_3
'https://www.pinterest.com/resource/VisualLiveSearchResource/get/?source_url=/pin/54043264265039534/visual-search/?x=16&y=16&w=530&h=671&data={"options":{"isPrefetch":false,"pin_id":"54043264265039534","image_signature":"45948746241351ab80e9dd14a45907b1","crop":{"x":0.028368794326241134,"y":0.018912529550827423,"w":0.9397163120567376,"h":0.793144208037825},"crop_source":5,"no_fetch_context_on_resource":false},"context":{}}&_=1606133383641',Clothing,Dress,Pinterest,Women,Group_production,Pinterest,Pinterest_3
'https://www.pinterest.com/resource/VisualLiveSearchResource/get/?source_url=/pin/543387511285073755/visual-search/?x=14&y=14&w=466&h=590&data={"options":{"isPrefetch":false,"pin_id":"543387511285073755","image_signature":"8bbc876c488e7100880d727e5580c3d4","crop":{"x":0.028225806451612902,"y":0.019390581717451522,"w":0.9395161290322581,"h":0.817174515235457},"crop_source":5,"no_fetch_context_on_resource":false},"context":{}}&_=1606133442408',Clothing,Dress,Pinterest,Women,Group_production,Pinterest,Pinterest_3
'https://www.pinterest.com/resource/VisualLiveSearchResource/get/?source_url=/pin/493988652848515490/visual-search/?x=0&y=0&w=399&h=531&data={"options":{"isPrefetch":false,"pin_id":"493988652848515490","image_signature":"c320561725eb07b9bbe660352897d70b","crop":{"x":0,"y":0,"w":0.9975,"h":0.9943820224719101},"crop_source":5,"no_fetch_context_on_resource":false},"context":{}}&_=1606133514897',Clothing,Dress,Pinterest,Women,Group_production,Pinterest,Pinterest_3
'https://www.pinterest.com/resource/VisualLiveSearchResource/get/?source_url=/pin/752664156452092023/visual-search/?x=16&y=16&w=530&h=671&data={"options":{"isPrefetch":false,"pin_id":"752664156452092023","image_signature":"f78defb37c2ad994b676a270ad53b139","crop":{"x":0.028368794326241134,"y":0.018912529550827426,"w":0.9397163120567376,"h":0.7931442080378251},"crop_source":5,"no_fetch_context_on_resource":false},"context":{}}&_=1606133595762',Clothing,Dress,Pinterest,Women,Group_production,Pinterest,Pinterest_3
'https://www.pinterest.com/resource/VisualLiveSearchResource/get/?source_url=/pin/602989837597627681/visual-search/?x=16&y=16&w=530&h=671&data={"options":{"isPrefetch":false,"pin_id":"602989837597627681","image_signature":"43f03cb0568a1daff72010b28a3435b6","crop":{"x":0.028368794326241134,"y":0.016,"w":0.9397163120567376,"h":0.671},"crop_source":5,"no_fetch_context_on_resource":false},"context":{}}&_=1606133649016',Clothing,Dress,Pinterest,Women,Group_production,Pinterest,Pinterest_3
'https://www.pinterest.com/resource/VisualLiveSearchResource/get/?source_url=/pin/767582330218262400/visual-search/?x=16&y=16&w=530&h=671&data={"options":{"isPrefetch":false,"pin_id":"767582330218262400","image_signature":"30d0acabef6f14e9bed71ee66c9d6978","crop":{"x":0.028368794326241134,"y":0.018926549216914026,"w":0.9397163120567376,"h":0.7937321577843319},"crop_source":5,"no_fetch_context_on_resource":false},"context":{}}&_=1606133699060',Clothing,Dress,Pinterest,Women,Group_production,Pinterest,Pinterest_3
'https://www.pinterest.com/resource/VisualLiveSearchResource/get/?source_url=/pin/496733033882820547/visual-search/?x=14&y=14&w=451&h=571&data={"options":{"isPrefetch":false,"pin_id":"496733033882820547","image_signature":"b34cf6055795191d9e67adde1a48c2ea","crop":{"x":0.029166666666666667,"y":0.019444444444444445,"w":0.9395833333333333,"h":0.7930555555555555},"crop_source":5,"no_fetch_context_on_resource":false},"context":{}}&_=1606133744667',Clothing,Dress,Pinterest,Women,Group_production,Pinterest,Pinterest_3
'https://www.pinterest.com/resource/VisualLiveSearchResource/get/?source_url=/pin/355010383096340685/visual-search/?x=16&y=16&w=530&h=671&data={"options":{"isPrefetch":false,"pin_id":"355010383096340685","image_signature":"7feb2541ce91ea8f9a3db98493eaada9","crop":{"x":0.028368794326241134,"y":0.018912529550827423,"w":0.9397163120567376,"h":0.793144208037825},"crop_source":5,"no_fetch_context_on_resource":false},"context":{}}&_=1606133810319',Clothing,Dress,Pinterest,Women,Group_production,Pinterest,Pinterest_3
'https://www.pinterest.com/resource/VisualLiveSearchResource/get/?source_url=/pin/80079699609129442/visual-search/?x=16&y=16&w=530&h=671&data={"options":{"isPrefetch":false,"pin_id":"80079699609129442","image_signature":"e84eabd8095998f70ae73ddd53ae9ba3","crop":{"x":0.028368794326241134,"y":0.018912529550827423,"w":0.9397163120567376,"h":0.793144208037825},"crop_source":5,"no_fetch_context_on_resource":false},"context":{}}&_=1606133876770',Clothing,Dress,Pinterest,Women,Group_production,Pinterest,Pinterest_3
'https://www.pinterest.com/resource/VisualLiveSearchResource/get/?source_url=/pin/296322850483325138/visual-search/?x=16&y=16&w=530&h=671&data={"options":{"isPrefetch":false,"pin_id":"296322850483325138","image_signature":"473a81d8d2af1ef5c227327fdff0d93c","crop":{"x":0.028368794326241134,"y":0.018031013342949872,"w":0.9397163120567376,"h":0.7561756220699604},"crop_source":5,"no_fetch_context_on_resource":false},"context":{}}&_=1606133937144',Clothing,Dress,Pinterest,Women,Group_production,Pinterest,Pinterest_3
'https://www.pinterest.com/resource/VisualLiveSearchResource/get/?source_url=/pin/420382946450462731/visual-search/?x=16&y=16&w=530&h=671&data={"options":{"isPrefetch":false,"pin_id":"420382946450462731","image_signature":"bf50ce86ab1c828cc47ee0029d2399a8","crop":{"x":0.028368794326241134,"y":0.01892176418439716,"w":0.9397163120567376,"h":0.793531485483156},"crop_source":5,"no_fetch_context_on_resource":false},"context":{}}&_=1606133999207',Clothing,Dress,Pinterest,Women,Group_production,Pinterest,Pinterest_3
'https://www.pinterest.com/resource/VisualLiveSearchResource/get/?source_url=/pin/346495765065188499/visual-search/?x=7&y=7&w=221&h=280&data={"options":{"isPrefetch":false,"pin_id":"346495765065188499","image_signature":"ccedf00433d881a0d8aae5314bf583d3","crop":{"x":0.029661016949152543,"y":0.0196078431372549,"w":0.9364406779661016,"h":0.7843137254901961},"crop_source":5,"no_fetch_context_on_resource":false},"context":{}}&_=1606134081993',Clothing,Dress,Pinterest,Women,Group_production,Pinterest,Pinterest_3
'https://www.pinterest.com/resource/VisualLiveSearchResource/get/?source_url=/pin/436778863862715698/visual-search/?x=16&y=16&w=530&h=671&data={"options":{"isPrefetch":false,"pin_id":"436778863862715698","image_signature":"0fc4919c2663a39ff528434961d56133","crop":{"x":0.028368794326241134,"y":0.018912529550827423,"w":0.9397163120567376,"h":0.793144208037825},"crop_source":5,"no_fetch_context_on_resource":false},"context":{}}&_=1606134183091',Clothing,Dress,Pinterest,Women,Group_production,Pinterest,Pinterest_3
'https://www.pinterest.com/resource/VisualLiveSearchResource/get/?source_url=/pin/176062666654609225/visual-search/?x=7&y=7&w=238&h=302&data={"options":{"isPrefetch":false,"pin_id":"176062666654609225","image_signature":"86bc1683d6a8212ee59edefa72de430f","crop":{"x":0.027559055118110236,"y":0.014,"w":0.937007874015748,"h":0.604},"crop_source":5,"no_fetch_context_on_resource":false},"context":{}}&_=1606134370362',Clothing,Dress,Pinterest,Women,Group_production,Pinterest,Pinterest_3
'https://www.pinterest.com/resource/VisualLiveSearchResource/get/?source_url=/pin/416160821818893453/visual-search/?x=16&y=16&w=530&h=671&data={"options":{"isPrefetch":false,"pin_id":"416160821818893453","image_signature":"09d6cebb351a0374ebc60bdc6d41d279","crop":{"x":0.028368794326241134,"y":0.018912529550827423,"w":0.9397163120567376,"h":0.793144208037825},"crop_source":5,"no_fetch_context_on_resource":false},"context":{}}&_=1606134423992',Clothing,Dress,Pinterest,Women,Group_production,Pinterest,Pinterest_3
'https://www.pinterest.com/resource/VisualLiveSearchResource/get/?source_url=/pin/401805598002773951/visual-search/?x=14&y=14&w=454&h=574&data={"options":{"isPrefetch":false,"pin_id":"401805598002773951","image_signature":"493a741e2a6fd8910e789afb2beb1feb","crop":{"x":0.028985507246376812,"y":0.02177293934681182,"w":0.9399585921325052,"h":0.8926905132192846},"crop_source":5,"no_fetch_context_on_resource":false},"context":{}}&_=1606134505714',Clothing,Dress,Pinterest,Women,Group_production,Pinterest,Pinterest_3
'https://www.pinterest.com/resource/VisualLiveSearchResource/get/?source_url=/pin/855824735426410470/visual-search/?x=16&y=16&w=530&h=671&data={"options":{"isPrefetch":false,"pin_id":"855824735426410470","image_signature":"728ec1dc5ff22b6d2984b41802aa28f5","crop":{"x":0.028368794326241134,"y":0.02050756216354781,"w":0.9397163120567376,"h":0.8600358882337863},"crop_source":5,"no_fetch_context_on_resource":false},"context":{}}&_=1606134583929',Clothing,Dress,Pinterest,Women,Group_production,Pinterest,Pinterest_3
'https://www.pinterest.com/resource/VisualLiveSearchResource/get/?source_url=/pin/784470828833594345/visual-search/?x=15&y=14&w=470&h=595&data={"options":{"isPrefetch":false,"pin_id":"784470828833594345","image_signature":"8cd7af3fbdd9934e0e55bc4071ea28d3","crop":{"x":0.03,"y":0.02074074074074074,"w":0.94,"h":0.8814814814814815},"crop_source":5,"no_fetch_context_on_resource":false},"context":{}}&_=1606134640058',Clothing,Dress,Pinterest,Women,Group_production,Pinterest,Pinterest_3
'https://www.pinterest.com/resource/VisualLiveSearchResource/get/?source_url=/pin/157133474482492206/visual-search/&data={"options":{"isPrefetch":false,"pin_id":"157133474482492206","image_signature":"8f1d29bc40db13a1cb294622a1d2e4b9","crop":{"x":0.0070921985815602835,"y":0.25422651330035556,"w":0.973404255319149,"h":0.5537080080259054},"crop_source":5,"no_fetch_context_on_resource":false},"context":{}}&_=1606134715860',Clothing,Dress,Pinterest,Women,Group_production,Pinterest,Pinterest_3
'https://www.pinterest.com/resource/VisualLiveSearchResource/get/?source_url=/pin/314970567685793004/visual-search/?x=16&y=16&w=530&h=671&data={"options":{"isPrefetch":false,"pin_id":"314970567685793004","image_signature":"e1689eece05c00c56ec94268185ea9d6","crop":{"x":0.028368794326241134,"y":0.021296461847150207,"w":0.9397163120567376,"h":0.8931203687148618},"crop_source":5,"no_fetch_context_on_resource":false},"context":{}}&_=1606134787362',Clothing,Dress,Pinterest,Women,Group_production,Pinterest,Pinterest_3
'https://www.pinterest.com/resource/VisualLiveSearchResource/get/?source_url=/pin/157133474481964668/visual-search/?x=33&y=84&w=494&h=626&data={"options":{"isPrefetch":false,"pin_id":"157133474481964668","image_signature":"3853d600015d7b46a593359de22c2453","crop":{"x":0.05851063829787234,"y":0.11180642469753858,"w":0.875886524822695,"h":0.8332240697697518},"crop_source":5,"no_fetch_context_on_resource":false},"context":{}}&_=1606134876427',Clothing,Dress,Pinterest,Women,Group_production,Pinterest,Pinterest_3
'https://www.pinterest.com/resource/VisualLiveSearchResource/get/?source_url=/pin/462885667954505619/visual-search/?x=16&y=16&w=530&h=671&data={"options":{"isPrefetch":false,"pin_id":"462885667954505619","image_signature":"d9264068943a8e018559b635a01b4c65","crop":{"x":0.028368794326241134,"y":0.01893879695298135,"w":0.9397163120567376,"h":0.7942457972156554},"crop_source":5,"no_fetch_context_on_resource":false},"context":{}}&_=1606135171215',Clothing,Dress,Pinterest,Women,Group_production,Pinterest,Pinterest_3
'https://www.pinterest.com/resource/VisualLiveSearchResource/get/?source_url=/pin/665829126144050360/visual-search/?x=15&y=14&w=470&h=595&data={"options":{"isPrefetch":false,"pin_id":"665829126144050360","image_signature":"8220b1fbbd42135a5fb3918670e0e760","crop":{"x":0.03,"y":0.02074074074074074,"w":0.94,"h":0.8814814814814815},"crop_source":5,"no_fetch_context_on_resource":false},"context":{}}&_=1606135262273',Clothing,Dress,Pinterest,Women,Group_production,Pinterest,Pinterest_3
'https://www.pinterest.com/resource/VisualLiveSearchResource/get/?source_url=/pin/774196992178701043/visual-search/?x=16&y=16&w=530&h=671&data={"options":{"isPrefetch":false,"pin_id":"774196992178701043","image_signature":"e5b40eb2b0f1b5758510980daad1f0c3","crop":{"x":0.028368794326241134,"y":0.018912529550827426,"w":0.9397163120567376,"h":0.7931442080378251},"crop_source":5,"no_fetch_context_on_resource":false},"context":{}}&_=1606135334570',Clothing,Dress,Pinterest,Women,Group_production,Pinterest,Pinterest_3
'https://www.pinterest.com/resource/VisualLiveSearchResource/get/?source_url=/pin/298433912810098189/visual-search/?x=16&y=16&w=517&h=654&data={"options":{"isPrefetch":false,"pin_id":"298433912810098189","image_signature":"fcc4c8b68064c7f2ad65a97191e5001f","crop":{"x":0.02909090909090909,"y":0.0175054704595186,"w":0.94,"h":0.7155361050328227},"crop_source":5,"no_fetch_context_on_resource":false},"context":{}}&_=1606135397046',Clothing,Dress,Pinterest,Women,Group_production,Pinterest,Pinterest_3
'https://www.pinterest.com/resource/VisualLiveSearchResource/get/?source_url=/pin/346214290110603590/visual-search/?x=16&y=16&w=530&h=671&data={"options":{"isPrefetch":false,"pin_id":"346214290110603590","image_signature":"b07b4367048e06fa94b0b67e03371d16","crop":{"x":0.028368794326241134,"y":0.017404451523178044,"w":0.9397163120567376,"h":0.7298991857532793},"crop_source":5,"no_fetch_context_on_resource":false},"context":{}}&_=1606135508607',Clothing,Dress,Pinterest,Women,Group_production,Pinterest,Pinterest_3
'https://www.pinterest.com/resource/VisualLiveSearchResource/get/?source_url=/pin/335940453446599121/visual-search/?x=7&y=7&w=220&h=279&data={"options":{"isPrefetch":false,"pin_id":"335940453446599121","image_signature":"674cebe8980e72df8f90ba018f071843","crop":{"x":0.029787234042553193,"y":0.018276762402088774,"w":0.9361702127659575,"h":0.7284595300261096},"crop_source":5,"no_fetch_context_on_resource":false},"context":{}}&_=1606135582051',Clothing,Dress,Pinterest,Women,Group_production,Pinterest,Pinterest_3
'https://www.pinterest.com/resource/VisualLiveSearchResource/get/?source_url=/pin/81979655693481345/visual-search/?x=16&y=16&w=530&h=671&data={"options":{"isPrefetch":false,"pin_id":"81979655693481345","image_signature":"2058dd5a5917f58d37218f8b5160ce85","crop":{"x":0.028368794326241134,"y":0.020058463420508633,"w":0.9397163120567376,"h":0.8412018096975808},"crop_source":5,"no_fetch_context_on_resource":false},"context":{}}&_=1606135759645',Clothing,Dress,Pinterest,Women,Group_production,Pinterest,Pinterest_3
'https://www.pinterest.com/resource/VisualLiveSearchResource/get/?source_url=/pin/687924911812262215/visual-search/?x=16&y=16&w=530&h=671&data={"options":{"isPrefetch":false,"pin_id":"687924911812262215","image_signature":"b09c1f566d9e2e7bc911bb4660bf93e2","crop":{"x":0.028368794326241134,"y":0.018912529550827423,"w":0.9397163120567376,"h":0.793144208037825},"crop_source":5,"no_fetch_context_on_resource":false},"context":{}}&_=1606135851510',Clothing,Dress,Pinterest,Women,Group_production,Pinterest,Pinterest_3
'https://www.pinterest.com/resource/VisualLiveSearchResource/get/?source_url=/pin/551268810638386932/visual-search/?x=16&y=16&w=530&h=671&data={"options":{"isPrefetch":false,"pin_id":"551268810638386932","image_signature":"ea01d48304f8982ccced3d45d76c8024","crop":{"x":0.028368794326241134,"y":0.018912529550827423,"w":0.9397163120567376,"h":0.793144208037825},"crop_source":5,"no_fetch_context_on_resource":false},"context":{}}&_=1606135961377',Clothing,Dress,Pinterest,Women,Group_production,Pinterest,Pinterest_3
'https://www.pinterest.com/resource/VisualLiveSearchResource/get/?source_url=/pin/594897432008868367/visual-search/?x=16&y=16&w=530&h=671&data={"options":{"isPrefetch":false,"pin_id":"594897432008868367","image_signature":"f401466b92f3b0c9a0cdd9e21fb9e2e1","crop":{"x":0.028368794326241134,"y":0.017193208682570387,"w":0.9397163120567376,"h":0.7210401891252955},"crop_source":5,"no_fetch_context_on_resource":false},"context":{}}&_=1606136115646',Clothing,Dress,Pinterest,Women,Group_production,Pinterest,Pinterest_3
'https://www.pinterest.com/resource/VisualLiveSearchResource/get/?source_url=/pin/357262182932400462/visual-search/?x=9&y=9&w=282&h=357&data={"options":{"isPrefetch":false,"pin_id":"357262182932400462","image_signature":"35d6a72b8bedfd8918cd7f77a88dce33","crop":{"x":0.03,"y":0.01875,"w":0.94,"h":0.74375},"crop_source":5,"no_fetch_context_on_resource":false},"context":{}}&_=1606137687908',Clothing,Dress,Pinterest,Women,Group_production,Pinterest,Pinterest_3
'https://www.pinterest.com/resource/VisualLiveSearchResource/get/?source_url=/pin/492862752975321229/visual-search/?x=57&y=39&w=488&h=806&data={"options":{"isPrefetch":false,"pin_id":"492862752975321229","image_signature":"1e31f0f44921c0f920a6848a288925a6","crop":{"x":0.10106382978723404,"y":0.04609929078014184,"w":0.8652482269503546,"h":0.9527186761229315},"crop_source":5,"no_fetch_context_on_resource":false},"context":{}}&_=1606137781283',Clothing,Dress,Pinterest,Women,Group_production,Pinterest,Pinterest_3
'https://www.pinterest.com/resource/VisualLiveSearchResource/get/?source_url=/pin/36099234499947925/visual-search/?x=16&y=16&w=530&h=671&data={"options":{"isPrefetch":false,"pin_id":"36099234499947925","image_signature":"eb10f6e381dcc3602cc3a593d638bea4","crop":{"x":0.028368794326241134,"y":0.018912529550827423,"w":0.9397163120567376,"h":0.793144208037825},"crop_source":5,"no_fetch_context_on_resource":false},"context":{}}&_=1606137874895',Clothing,Dress,Pinterest,Women,Group_production,Pinterest,Pinterest_3
'https://www.pinterest.com/resource/VisualLiveSearchResource/get/?source_url=/pin/515240013621281761/visual-search/?x=16&y=16&w=530&h=671&data={"options":{"isPrefetch":false,"pin_id":"515240013621281761","image_signature":"f131fae8215f9c79c5bb449a0952e3b7","crop":{"x":0.028368794326241134,"y":0.021284246444337334,"w":0.9397163120567376,"h":0.8926080852593969},"crop_source":5,"no_fetch_context_on_resource":false},"context":{}}&_=1606137946341',Clothing,Dress,Pinterest,Women,Group_production,Pinterest,Pinterest_3
'https://www.pinterest.com/resource/VisualLiveSearchResource/get/?source_url=/pin/340795896807259711/visual-search/?x=0&y=55&w=556&h=696&data={"options":{"isPrefetch":false,"pin_id":"340795896807259711","image_signature":"4a2d883fbc825ad413ec286dd0e46718","crop":{"x":0,"y":0.07311129960808338,"w":0.9858156028368794,"h":0.9251902641313824},"crop_source":5,"no_fetch_context_on_resource":false},"context":{}}&_=1606138028816',Clothing,Dress,Pinterest,Women,Group_production,Pinterest,Pinterest_3
'https://www.pinterest.com/resource/VisualLiveSearchResource/get/?source_url=/pin/45810121205973811/visual-search/?x=15&y=15&w=470&h=595&data={"options":{"isPrefetch":false,"pin_id":"45810121205973811","image_signature":"1db63bd7aa09e82e71443e09ac7f84d1","crop":{"x":0.03,"y":0.02127659574468085,"w":0.94,"h":0.8439716312056738},"crop_source":5,"no_fetch_context_on_resource":false},"context":{}}&_=1606138097296',Clothing,Dress,Pinterest,Women,Group_production,Pinterest,Pinterest_3
'https://www.pinterest.com/resource/VisualLiveSearchResource/get/?source_url=/pin/292593307046620808/visual-search/?x=47&y=7&w=392&h=742&data={"options":{"isPrefetch":false,"pin_id":"292593307046620808","image_signature":"df7224c16b3315eec65c36be69cbfee8","crop":{"x":0.094,"y":0.009333333333333334,"w":0.784,"h":0.9893333333333333},"crop_source":5,"no_fetch_context_on_resource":false},"context":{}}&_=1606138174269',Clothing,Dress,Pinterest,Women,Group_production,Pinterest,Pinterest_3
'https://www.pinterest.com/resource/VisualLiveSearchResource/get/?source_url=/pin/215821007126635083/visual-search/?x=12&y=11&w=376&h=475&data={"options":{"isPrefetch":false,"pin_id":"215821007126635083","image_signature":"d0bfdc5e50246cc5fe1c5c02a328a917","crop":{"x":0.03,"y":0.018333333333333333,"w":0.94,"h":0.7916666666666666},"crop_source":5,"no_fetch_context_on_resource":false},"context":{}}&_=1606138293194',Clothing,Dress,Pinterest,Women,Group_production,Pinterest,Pinterest_3
'https://www.pinterest.com/resource/VisualLiveSearchResource/get/?source_url=/pin/74168725102375444/visual-search/?x=16&y=16&w=530&h=671&data={"options":{"isPrefetch":false,"pin_id":"74168725102375444","image_signature":"00aec92496da11b4cc6b8aea3d1c7a43","crop":{"x":0.028368794326241134,"y":0.018912529550827423,"w":0.9397163120567376,"h":0.793144208037825},"crop_source":5,"no_fetch_context_on_resource":false},"context":{}}&_=1606138380865',Clothing,Dress,Pinterest,Women,Group_production,Pinterest,Pinterest_3
'https://www.pinterest.com/resource/VisualLiveSearchResource/get/?source_url=/pin/621074604855055728/visual-search/?x=16&y=16&w=530&h=671&data={"options":{"isPrefetch":false,"pin_id":"621074604855055728","image_signature":"aae6aa205fb30837e8c37888633adeae","crop":{"x":0.028368794326241134,"y":0.018912529550827426,"w":0.9397163120567376,"h":0.7931442080378251},"crop_source":5,"no_fetch_context_on_resource":false},"context":{}}&_=1606138463527',Clothing,Dress,Pinterest,Women,Group_production,Pinterest,Pinterest_3
'https://www.pinterest.com/resource/VisualLiveSearchResource/get/?source_url=/pin/757027018607619283/visual-search/?x=16&y=16&w=530&h=671&data={"options":{"isPrefetch":false,"pin_id":"757027018607619283","image_signature":"817792a7fcce280ecd8a6a3e54bf2899","crop":{"x":0.028368794326241134,"y":0.01889992959776225,"w":0.9397163120567376,"h":0.7926157975061543},"crop_source":5,"no_fetch_context_on_resource":false},"context":{}}&_=1606138550981',Clothing,Dress,Pinterest,Women,Group_production,Pinterest,Pinterest_3
'https://www.pinterest.com/resource/VisualLiveSearchResource/get/?source_url=/pin/200691727130472021/visual-search/?x=16&y=16&w=530&h=671&data={"options":{"isPrefetch":false,"pin_id":"200691727130472021","image_signature":"a02fd75c0a2e6cc88211f6ef36d0af5c","crop":{"x":0.028368794326241134,"y":0.018912529550827423,"w":0.9397163120567376,"h":0.793144208037825},"crop_source":5,"no_fetch_context_on_resource":false},"context":{}}&_=1606138610195',Clothing,Dress,Pinterest,Women,Group_production,Pinterest,Pinterest_3
'https://www.pinterest.com/resource/VisualLiveSearchResource/get/?source_url=/pin/587719820114089302/visual-search/?x=16&y=16&w=530&h=671&data={"options":{"isPrefetch":false,"pin_id":"587719820114089302","image_signature":"b91888922e3cf208e3ef1f5722941a1c","crop":{"x":0.028368794326241134,"y":0.018912529550827423,"w":0.9397163120567376,"h":0.793144208037825},"crop_source":5,"no_fetch_context_on_resource":false},"context":{}}&_=1606138710431',Clothing,Dress,Pinterest,Women,Group_production,Pinterest,Pinterest_3
'https://www.pinterest.com/resource/VisualLiveSearchResource/get/?source_url=/pin/456833955955972602/visual-search/?x=16&y=16&w=530&h=671&data={"options":{"isPrefetch":false,"pin_id":"456833955955972602","image_signature":"fa6900b629f0a62c325fa5fe9486df02","crop":{"x":0.028368794326241134,"y":0.018912529550827426,"w":0.9397163120567376,"h":0.7931442080378251},"crop_source":5,"no_fetch_context_on_resource":false},"context":{}}&_=1606138787815',Clothing,Dress,Pinterest,Women,Group_production,Pinterest,Pinterest_3
'https://www.pinterest.com/resource/VisualLiveSearchResource/get/?source_url=/pin/540713499017371360/visual-search/?x=16&y=16&w=530&h=671&data={"options":{"isPrefetch":false,"pin_id":"540713499017371360","image_signature":"ecd19d71aedd2a0368250c177d9485f4","crop":{"x":0.028368794326241134,"y":0.018912529550827426,"w":0.9397163120567376,"h":0.7931442080378251},"crop_source":5,"no_fetch_context_on_resource":false},"context":{}}&_=1606138859764',Clothing,Dress,Pinterest,Women,Group_production,Pinterest,Pinterest_3
'https://www.pinterest.com/resource/VisualLiveSearchResource/get/?source_url=/pin/3588874688243281/visual-search/?x=16&y=16&w=530&h=671&data={"options":{"isPrefetch":false,"pin_id":"3588874688243281","image_signature":"e9141d424b12c54a14c760e224dc4250","crop":{"x":0.028368794326241134,"y":0.017923028991899632,"w":0.9397163120567376,"h":0.7516470283477908},"crop_source":5,"no_fetch_context_on_resource":false},"context":{}}&_=1606138921933',Clothing,Dress,Pinterest,Women,Group_production,Pinterest,Pinterest_3
'https://www.pinterest.com/resource/VisualLiveSearchResource/get/?source_url=/pin/174514554295978710/visual-search/?x=35&y=90&w=488&h=707&data={"options":{"isPrefetch":false,"pin_id":"174514554295978710","image_signature":"1ae5832fae1d49a70996420d0ad47bdb","crop":{"x":0.06205673758865248,"y":0.11284824262372165,"w":0.8652482269503546,"h":0.8864856392774578},"crop_source":5,"no_fetch_context_on_resource":false},"context":{}}&_=1606138992760',Clothing,Dress,Pinterest,Women,Group_production,Pinterest,Pinterest_3
'https://www.pinterest.com/resource/VisualLiveSearchResource/get/?source_url=/pin/355502964337018154/visual-search/?x=55&y=29&w=367&h=610&data={"options":{"isPrefetch":false,"pin_id":"355502964337018154","image_signature":"831d85c5d48ad989cb2d32f3b537dd4b","crop":{"x":0.11458333333333333,"y":0.0453125,"w":0.7645833333333333,"h":0.953125},"crop_source":5,"no_fetch_context_on_resource":false},"context":{}}&_=1606139065981',Clothing,Dress,Pinterest,Women,Group_production,Pinterest,Pinterest_3
'https://www.pinterest.com/resource/VisualLiveSearchResource/get/?source_url=/pin/176625616624419780/visual-search/?x=16&y=16&w=530&h=671&data={"options":{"isPrefetch":false,"pin_id":"176625616624419780","image_signature":"a624f97a358ca48418b8a33565da0a2c","crop":{"x":0.028368794326241134,"y":0.017708333333333333,"w":0.9397163120567376,"h":0.7426432291666666},"crop_source":5,"no_fetch_context_on_resource":false},"context":{}}&_=1606139123219',Clothing,Dress,Pinterest,Women,Group_production,Pinterest,Pinterest_3
'https://www.pinterest.com/resource/VisualLiveSearchResource/get/?source_url=/pin/34480753385909646/visual-search/?x=16&y=16&w=530&h=671&data={"options":{"isPrefetch":false,"pin_id":"34480753385909646","image_signature":"67f3a7662aa005281042be2bfae304f1","crop":{"x":0.028368794326241134,"y":0.02165916247314676,"w":0.9397163120567376,"h":0.9083311262175923},"crop_source":5,"no_fetch_context_on_resource":false},"context":{}}&_=1606139179720',Clothing,Dress,Pinterest,Women,Group_production,Pinterest,Pinterest_3
'https://www.pinterest.com/resource/VisualLiveSearchResource/get/?source_url=/pin/176625616624418293/visual-search/?x=16&y=16&w=530&h=671&data={"options":{"isPrefetch":false,"pin_id":"176625616624418293","image_signature":"7c900989e19d47ab9ebd0b83704e2358","crop":{"x":0.028368794326241134,"y":0.017708333333333333,"w":0.9397163120567376,"h":0.7426432291666666},"crop_source":5,"no_fetch_context_on_resource":false},"context":{}}&_=1606139236680',Clothing,Dress,Pinterest,Women,Group_production,Pinterest,Pinterest_3
'https://www.pinterest.com/resource/VisualLiveSearchResource/get/?source_url=/pin/538743174171589665/visual-search/?x=38&y=114&w=516&h=706&data={"options":{"isPrefetch":false,"pin_id":"538743174171589665","image_signature":"93ba2e2b592183cd8628a006257c5ea2","crop":{"x":0.0673758865248227,"y":0.1347517730496454,"w":0.9148936170212766,"h":0.83451536643026},"crop_source":5,"no_fetch_context_on_resource":false},"context":{}}&_=1606139301581',Clothing,Dress,Pinterest,Women,Group_production,Pinterest,Pinterest_3
'https://www.pinterest.com/resource/VisualLiveSearchResource/get/?source_url=/pin/39125090502934263/visual-search/?x=16&y=16&w=530&h=671&data={"options":{"isPrefetch":false,"pin_id":"39125090502934263","image_signature":"d0291976dceeefa5104036e69d6a39af","crop":{"x":0.028368794326241134,"y":0.021284246444337334,"w":0.9397163120567376,"h":0.8926080852593969},"crop_source":5,"no_fetch_context_on_resource":false},"context":{}}&_=1606139375929',Clothing,Dress,Pinterest,Women,Group_production,Pinterest,Pinterest_3
'https://www.pinterest.com/resource/VisualLiveSearchResource/get/?source_url=/pin/20547742022300669/visual-search/?x=16&y=16&w=530&h=671&data={"options":{"isPrefetch":false,"pin_id":"20547742022300669","image_signature":"6e1ffd66057fbc4d06f20413246c7d87","crop":{"x":0.028368794326241134,"y":0.021272440971053692,"w":0.9397163120567376,"h":0.8921129932235642},"crop_source":5,"no_fetch_context_on_resource":false},"context":{}}&_=1606139442849',Clothing,Dress,Pinterest,Women,Group_production,Pinterest,Pinterest_3
'https://www.pinterest.com/resource/VisualLiveSearchResource/get/?source_url=/pin/383931936978163816/visual-search/?x=16&y=16&w=530&h=671&data={"options":{"isPrefetch":false,"pin_id":"383931936978163816","image_signature":"56e0919943bf7ce02b024270da34335f","crop":{"x":0.028368794326241134,"y":0.018912529550827426,"w":0.9397163120567376,"h":0.7931442080378251},"crop_source":5,"no_fetch_context_on_resource":false},"context":{}}&_=1606139496283',Clothing,Dress,Pinterest,Women,Group_production,Pinterest,Pinterest_3
'https://www.pinterest.com/resource/VisualLiveSearchResource/get/?source_url=/pin/806285139524397802/visual-search/?x=10&y=10&w=313&h=397&data={"options":{"isPrefetch":false,"pin_id":"806285139524397802","image_signature":"146434fa0d217a9ca49e4d0de03230e6","crop":{"x":0.029940119760479042,"y":0.02247191011235955,"w":0.937125748502994,"h":0.8921348314606742},"crop_source":5,"no_fetch_context_on_resource":false},"context":{}}&_=1606139544494',Clothing,Dress,Pinterest,Women,Group_production,Pinterest,Pinterest_3
'https://www.pinterest.com/resource/VisualLiveSearchResource/get/?source_url=/pin/691513717761929530/visual-search/?x=28&y=33&w=415&h=688&data={"options":{"isPrefetch":false,"pin_id":"691513717761929530","image_signature":"ca0cc58d2810f842c708e646013a2b58","crop":{"x":0.04964539007092199,"y":0.043882978723404256,"w":0.7358156028368794,"h":0.9148936170212766},"crop_source":5,"no_fetch_context_on_resource":false},"context":{}}&_=1606139595483',Clothing,Dress,Pinterest,Women,Group_production,Pinterest,Pinterest_3
'https://www.pinterest.com/resource/VisualLiveSearchResource/get/?source_url=/pin/671599363165620810/visual-search/?x=11&y=11&w=366&h=464&data={"options":{"isPrefetch":false,"pin_id":"671599363165620810","image_signature":"bc2dba76603fbfc6530004d91323d9f9","crop":{"x":0.028205128205128206,"y":0.018803418803418803,"w":0.9384615384615385,"h":0.7931623931623931},"crop_source":5,"no_fetch_context_on_resource":false},"context":{}}&_=1606139653948',Clothing,Dress,Pinterest,Women,Group_production,Pinterest,Pinterest_3
'https://www.pinterest.com/resource/VisualLiveSearchResource/get/?source_url=/pin/557883472589105119/visual-search/?x=16&y=16&w=530&h=671&data={"options":{"isPrefetch":false,"pin_id":"557883472589105119","image_signature":"fa8b32a68a9a1bdbb074632884e50fca","crop":{"x":0.028368794326241134,"y":0.018912529550827423,"w":0.9397163120567376,"h":0.793144208037825},"crop_source":5,"no_fetch_context_on_resource":false},"context":{}}&_=1606139707800',Clothing,Dress,Pinterest,Women,Group_production,Pinterest,Pinterest_3
'https://www.pinterest.com/resource/VisualLiveSearchResource/get/?source_url=/pin/720435271627351937/visual-search/?x=16&y=16&w=530&h=671&data={"options":{"isPrefetch":false,"pin_id":"720435271627351937","image_signature":"74de20eb3ee9021bfc0888de6eb398d9","crop":{"x":0.028368794326241134,"y":0.018912529550827423,"w":0.9397163120567376,"h":0.793144208037825},"crop_source":5,"no_fetch_context_on_resource":false},"context":{}}&_=1606139928687',Clothing,Dress,Pinterest,Women,Group_production,Pinterest,Pinterest_3
'https://www.pinterest.com/resource/VisualLiveSearchResource/get/?source_url=/pin/767582330218273449/visual-search/?x=14&y=14&w=451&h=571&data={"options":{"isPrefetch":false,"pin_id":"767582330218273449","image_signature":"47fcc8c5f8eb647330550dd5b4c05d29","crop":{"x":0.029166666666666667,"y":0.021875,"w":0.9395833333333333,"h":0.8921875},"crop_source":5,"no_fetch_context_on_resource":false},"context":{}}&_=1606140001209',Clothing,Dress,Pinterest,Women,Group_production,Pinterest,Pinterest_3
'https://www.pinterest.com/resource/VisualLiveSearchResource/get/?source_url=/pin/843299098968258122/visual-search/?x=16&y=16&w=530&h=671&data={"options":{"isPrefetch":false,"pin_id":"843299098968258122","image_signature":"dd9d8c21e51f1a28e8753652628b1732","crop":{"x":0.028368794326241134,"y":0.021296461847150207,"w":0.9397163120567376,"h":0.8931203687148618},"crop_source":5,"no_fetch_context_on_resource":false},"context":{}}&_=1606140053172',Clothing,Dress,Pinterest,Women,Group_production,Pinterest,Pinterest_3
'https://www.pinterest.com/resource/VisualLiveSearchResource/get/?source_url=/pin/465981892695064364/visual-search/?x=16&y=16&w=530&h=671&data={"options":{"isPrefetch":false,"pin_id":"465981892695064364","image_signature":"69e1649c762208acccf34571bec7f574","crop":{"x":0.028368794326241134,"y":0.018912529550827426,"w":0.9397163120567376,"h":0.7931442080378251},"crop_source":5,"no_fetch_context_on_resource":false},"context":{}}&_=1606140116459',Clothing,Dress,Pinterest,Women,Group_production,Pinterest,Pinterest_3
'https://www.pinterest.com/resource/VisualLiveSearchResource/get/?source_url=/pin/542754192589213873/visual-search/?x=16&y=16&w=530&h=671&data={"options":{"isPrefetch":false,"pin_id":"542754192589213873","image_signature":"b560a70bd504cf6984b5df4448ebff92","crop":{"x":0.028368794326241134,"y":0.01855902432557831,"w":0.9397163120567376,"h":0.7783190826539405},"crop_source":5,"no_fetch_context_on_resource":false},"context":{}}&_=1606140178830',Clothing,Dress,Pinterest,Women,Group_production,Pinterest,Pinterest_3
'https://www.pinterest.com/resource/VisualLiveSearchResource/get/?source_url=/pin/7318418134391834/visual-search/?x=10&y=10&w=313&h=397&data={"options":{"isPrefetch":false,"pin_id":"7318418134391834","image_signature":"d5acfa32a4b42a2919526f18bb3c46f4","crop":{"x":0.029940119760479042,"y":0.02,"w":0.937125748502994,"h":0.794},"crop_source":5,"no_fetch_context_on_resource":false},"context":{}}&_=1606140233357',Clothing,Dress,Pinterest,Women,Group_production,Pinterest,Pinterest_3
'https://www.pinterest.com/resource/VisualLiveSearchResource/get/?source_url=/pin/665829126144050360/visual-search/?x=15&y=14&w=470&h=595&data={"options":{"isPrefetch":false,"pin_id":"665829126144050360","image_signature":"8220b1fbbd42135a5fb3918670e0e760","crop":{"x":0.03,"y":0.02074074074074074,"w":0.94,"h":0.8814814814814815},"crop_source":5,"no_fetch_context_on_resource":false},"context":{}}&_=1606140313911',Clothing,Dress,Pinterest,Women,Group_production,Pinterest,Pinterest_3
'https://www.pinterest.com/resource/VisualLiveSearchResource/get/?source_url=/pin/281615782935284640/visual-search/?x=16&y=16&w=530&h=671&data={"options":{"isPrefetch":false,"pin_id":"281615782935284640","image_signature":"6a54c53c101bbaeb6b28c0f76d150829","crop":{"x":0.028368794326241134,"y":0.018912529550827426,"w":0.9397163120567376,"h":0.7931442080378251},"crop_source":5,"no_fetch_context_on_resource":false},"context":{}}&_=1606140364326',Clothing,Dress,Pinterest,Women,Group_production,Pinterest,Pinterest_3
'https://www.pinterest.com/resource/VisualLiveSearchResource/get/?source_url=/pin/7318418134391393/visual-search/?x=16&y=16&w=530&h=671&data={"options":{"isPrefetch":false,"pin_id":"7318418134391393","image_signature":"bc4b7e0743785dd5ad8a04b07fb07d1d","crop":{"x":0.028368794326241134,"y":0.018912529550827423,"w":0.9397163120567376,"h":0.793144208037825},"crop_source":5,"no_fetch_context_on_resource":false},"context":{}}&_=1606140435333',Clothing,Dress,Pinterest,Women,Group_production,Pinterest,Pinterest_3
